filename,class,asm,contrast,homogeneity,correlation
Test-1.jpeg,Test,0.0010849993983306678,58.85493259803823,0.38926801014367807,0.00023692037890115533